relationship,domain,x_variable,y_variable,n_samples,pearson_correlation,spearman_correlation,slope,intercept,r_squared,mean_absolute_error,root_mean_squared_error
Biochem: signal vs concentration,Biochem,input_value,signal,9,0.9993192595149886,0.9486832980505139,0.9819672131147541,0.019617486338797896,0.9986389824375852,0.011244687310261077,0.013346987544113934
Electronics: signal vs load,Electronics,input_value,signal,9,-0.9845302089827362,-0.9486832980505139,-0.023476190476190494,5.153333333333335,0.96929973239959,0.037883597883597825,0.05210896194843956
Electronics: signal vs temperature,Electronics,temperature_c,signal,9,-0.9919948344246583,-0.9748243359065808,-0.051952526799387465,6.764471669218992,0.9840537515252054,0.02668878679598426,0.03755524544959474
Mechanical: signal vs load,Mechanical,input_value,signal,9,0.9840701951202628,0.9486832980505139,0.013733333333333335,-0.2100000000000002,0.9683941489240319,0.07777777777777782,0.10128800155625174
Mechanical: stress_mpa vs load,Mechanical,input_value,stress_mpa,9,0.9842913933850477,0.9486832980505139,1.64,-5.333333333333343,0.9688295470918784,9.407407407407403,12.009255689767883
