{
  "model": {
    "accuracy": 0.8905299739357081,
    "precision": 0.9216757741347905,
    "recall": 0.8590831918505942,
    "f1_score": 0.8892794376098418
  },
  "baseline": {
    "accuracy": 0.4882710686359687,
    "precision": 0.0,
    "recall": 0.0,
    "f1_score": 0.0
  },
  "confusion_matrix": {
    "tp": 506,
    "tn": 519,
    "fp": 43,
    "fn": 83
  }
}