{
  "inertia": 5950.841428530575,
  "silhouette_score": 0.3544964436288875,
  "cluster_counts": {
    "0": 3773,
    "1": 3413,
    "2": 1805
  }
}