{
  "model": {
    "mae": 0.3854662106053286,
    "mse": 0.4678575990665908,
    "rmse": 0.6840011689073279,
    "r_squared": 0.7929742249458933
  },
  "baseline": {
    "mae": 1.144528746733877,
    "mse": 2.2679480891557433,
    "rmse": 1.505970812849885,
    "r_squared": -0.0035611516766664852
  }
}